max_depth,accuracy,f1_score
5,0.5525,0.5637179719737085
10,0.87,0.7920287339639794
20,0.985,0.9615079365079365
50,0.985,0.9615079365079365
100,0.985,0.9615079365079365
