C,accuracy,f1_score
0.01,0.395,0.1151635334503985
0.1,0.5225,0.49207511443576624
1.0,0.59,0.7293112264131688
10.0,0.625,0.8067295830987283
100.0,0.6225,0.8079812001774006
