C,accuracy,f1_score
0.01,0.395,0.1151957627930168
0.1,0.525,0.4907223280181538
1.0,0.59,0.7325206843175657
10.0,0.635,0.8111250801075851
100.0,0.6275,0.8113064888355584
