n_estimators,accuracy,f1_score
10,0.98,0.9545880149812733
25,0.9825,0.9519053690324409
50,0.9825,0.9519053690324409
100,0.985,0.9615079365079365
200,0.985,0.9615079365079365
500,0.985,0.9615079365079365
