max_depth,accuracy,f1_score
5,0.7125,0.6452926081221922
10,0.98,0.9407814407814407
20,0.985,0.9615079365079365
50,0.985,0.9615079365079365
100,0.985,0.9615079365079365
